X0,X1,X2,X3,X4,X5,X6,X7,X8,X9,X10,X11,X12,X13,X14,X15,X16,X17,X18,X19,X20,Y0,Y1,Y2,Y3,Y4,Y5,Y6,Y7,Y8,Y9,Y10,Y11,Y12,Y13,Y14,Y15,Y16,Y17,Y18,Y19,Y20,Z0,Label
4.2454060935968,6.704127155612256,7.698441384976261,4.750929897496333,1.8310821549131502,7.642644929833231,8.893300829981824,9.43434789065465,10.0,5.210557625854233,5.292338235179176,5.091174680039707,4.820447931385159,3.0973250737534856,1.9205867972358837,0.8841004245873323,0.0,1.302282037498122,1.102835416610579,1.6660358793230572,1.9140073870727097,26.334426138391674,25.082281707485468,21.658261475972907,18.739963055951907,17.00050457197793,14.145130880412967,8.863775118956536,5.4500964418556785,2.203291268299419,13.307398970534212,7.174916259289205,3.2238484512419334,0.0,14.037595388854779,8.760175462517076,5.543094007578133,2.5274314333578527,16.098350718342015,14.753517891462312,17.16225593176033,19.557220286051496,0.8981569409370422,w
4.930491610269525,7.311734925913401,8.14554679035916,5.038874673102783,2.0734415856580797,8.019831422744755,9.210793593857497,9.619282964583588,10.0,5.524293305669155,5.376599677065039,5.013122241240652,4.645168214457054,3.449182135210875,2.0356365878143663,0.9390010552346432,0.0,1.7092109201720966,1.3816353516263251,2.0411953335773383,2.4391697965067616,26.822178432886524,25.288428128251926,21.497641633472565,18.31573212407734,16.875667544216366,14.228153531916169,8.77442848588002,5.193915187944618,1.8756648700282164,13.495454504126185,7.1533178028371,3.2452075428507454,0.0,14.325747136969598,8.961832025685043,5.750171281750859,2.7964377674522423,16.380682449249704,14.774575744507354,17.085569920303847,19.475823467213296,0.8906724452972412,w
5.707080942498945,8.194090554177771,8.947063387357803,5.6962209787478155,2.6195063045958653,8.439269331439348,9.423412597965223,9.692190060521323,10.0,5.959565803314599,5.582938612695852,4.996837896581024,4.483322571645791,3.9038701082463745,2.257902978716472,1.0236547292946416,0.0,2.2993755388037416,1.8034020744425459,2.4718600242219866,2.852201347234016,26.645357551424357,24.988912938523274,20.979796093688925,17.852023830298414,16.499541333423995,13.850680545038085,8.165959653455069,4.605559582519124,1.2886968105474632,13.283922534619567,7.006303931836332,3.1576128159967465,0.0,14.170880369787698,8.912171791770954,5.760944273228401,2.8668108582284235,16.31443853695234,14.716970273748823,16.91036421782718,19.193687090499196,0.9005716443061829,w
6.277818017815879,9.04945521597481,9.580763638800398,5.813381259971645,2.5580971824527667,8.876009776070463,9.75034277234119,9.859327812333179,10.0,6.306668493781911,5.711165079611277,4.915144551670342,4.2175811905513045,4.178972714493416,2.5056507554544285,1.1248730368236506,0.0,2.440461893729657,1.88446859181367,2.693735077826827,3.1895596928338183,27.509168830719027,25.928335169232785,21.82866126412783,18.498476441883806,17.110254107056406,14.180504931328827,8.350864102531283,4.440857559551283,0.9096191594115384,13.773797360370624,7.0769105087486945,3.0655894216050856,0.0,14.93089589132479,9.522776572668112,6.536982895641351,3.8550086173079516,17.38788652710819,15.850293756461099,18.013885573896147,20.248621946013262,0.8926621675491333,w
5.349522340487425,7.969985735021957,8.831337807494231,5.658792330051972,2.6604414189565873,8.34359081238203,9.378716755862671,9.686411669444299,10.0,5.830036505676901,5.422686507039328,4.7563290253639705,4.182418653907477,3.725507614493571,2.188586029158882,0.9892729132590651,0.0,2.0508557145708246,1.5721992368936373,2.224570669820624,2.5200230728839483,27.235619215669235,25.686186316667783,21.60889915168672,18.19958044615431,16.46933140187838,14.18630157062048,8.460459425085299,4.708810704404174,1.2641462259669733,13.636705916835988,7.113295371946231,3.1662341268058602,0.0,14.552219982605122,9.225086550931568,6.168503856404621,3.3353186716558496,16.780988400223585,15.172890134629872,17.43628997158051,19.77431398122502,0.8918638229370117,w
3.589590146898787,6.146373066342599,7.35115636970346,4.545253139893023,1.6824361918315152,7.504889169209275,8.886626119637791,9.402556151476926,10.0,5.051016947195529,5.030329086190822,4.622137580860724,4.28486428676583,2.901218575812071,1.7971034468823337,0.7862397489817539,0.0,1.0321333880824064,0.8199136763954519,1.252487883520144,1.3448679238747334,26.392119669542677,25.169484584142783,21.319308934875544,17.69203971087871,15.85288219231069,14.020583943607493,8.566035536863254,5.087996025159557,1.8434278741098467,13.177770553273543,6.9336195151098785,3.1370930262766685,0.0,13.778561047140972,8.258140556939518,5.056615136146223,1.9245808664978972,15.714372569848367,14.139313178169264,16.813169148656723,19.36656753620511,0.8736251592636108,w
2.0128341126497533,4.7609225594060565,6.079164430503013,3.4617694473134697,0.5796182751074034,6.681338507729886,8.355125976217556,9.153292755053265,10.0,4.189189176604732,4.635399394892485,4.61283893652387,4.488694021757907,1.9257790160917176,1.2888022702380841,0.7553935429185575,0.3285365585867427,0.0,0.11283674808677051,0.5777669504464272,0.587634473639437,26.652941906680013,25.313018677053453,20.821217074614623,16.63977496534121,14.5851882665874,13.98653617621556,8.474788785554303,5.1030013530128775,2.069395433541961,13.021444727947934,6.791510018804727,2.9986225883772386,0.0,13.475183169857083,7.907910939363809,4.7343158205284155,1.6520912099607972,15.308247884177105,13.658300411323737,16.251503386443442,18.666126169265645,0.8707132339477539,w
1.7855169459953697,4.406273149659796,5.756732264893014,3.3898071983595233,0.5494394870348807,6.6212007894016445,8.39676320626402,9.167677868443413,10.0,4.185780329363934,4.591378741579113,4.473483061676354,4.327697859832371,1.9486626969551306,1.3302488014803056,0.7507052840025291,0.31910253557948925,0.0,0.10275057486470167,0.396858260790326,0.24385602532492087,26.59307175999256,25.464018587276428,21.14645114487376,16.750493656700847,14.675958558471912,14.213170253696413,8.700045150899996,5.338325816603518,2.1934692675431267,13.247225408898188,6.8963368642597045,3.131960568837721,0.0,13.695759277031739,7.920437116098064,4.555188788954814,1.2511271352418212,15.493236627203444,13.254500448234484,15.795745786025151,18.3055782224841,0.8757302761077881,w
1.5577624177238156,3.685122173784318,4.917395188758779,2.941657166721221,0.6442100401038062,6.22031306842305,8.126663431041683,9.073887724970719,10.0,4.053401703999354,4.859490814500577,5.112718697715932,5.240316350353936,1.921900463724679,1.6595179034539282,1.2490820578227602,0.8904295248753864,0.005212887048615122,0.07085931890383508,0.22910916414082436,0.0,24.560967075634615,23.66035314618224,19.882465198943184,15.931586501018874,13.659990223666195,13.647560561609572,8.733763341526585,5.6495852872253876,2.737752016260318,12.364148464829075,6.560399249497074,2.9329452898648243,0.0,12.548204011075214,7.149795834378834,3.9573557361292835,1.0358207996277005,14.08478321457316,12.445675795586062,14.783303133202114,17.041719592866922,0.8819341659545898,w
1.2910104986876643,3.53559250123855,4.9163319946452475,2.9741011289251498,0.802842274610252,6.227236702716378,8.21147944797563,9.154480454626906,10.0,4.195278489285225,5.088697967723914,5.40807422603801,5.657278062380756,2.2569213863327326,1.8858043723450233,1.5611988636962548,1.3773894791765489,0.4435260727951175,0.1995037235556399,0.1756814001412474,0.0,23.838966430024563,23.023384548693464,19.74723203838978,15.886968148183286,13.438035277593313,13.659594085001423,8.96071984789552,5.912589004311209,3.077923570924117,12.295271967133626,6.526603461088449,2.9877037678272145,0.0,12.41552001971139,7.198826473874501,3.9766595911203875,1.0451929107506142,13.748295346741298,12.009147152916126,14.158808791596835,16.359448621256682,0.894053041934967,w
0.9178384808825891,2.996862336040461,4.479414537982571,2.867225855882178,1.0818122252263758,5.937130389196532,8.018165375704756,9.031602125549025,10.0,4.143693166848541,5.1710956912744415,5.442078071371388,5.759579639156683,2.3463503124655154,2.363385865978207,2.054834954150691,1.994755208680671,0.5514043677885241,0.4369956658250319,0.26419387724891585,0.0,21.719372263852062,21.594942296230528,19.01169566334289,15.524172602619286,13.207564605164825,13.027899550493453,8.926740690256166,6.134040334472825,3.56811784123217,11.685232374639229,6.313080368397396,2.835865664201174,0.0,11.662214266083591,6.8273737555283684,3.8962387806533054,1.166483097973647,12.800619278929414,11.482420618626994,13.64025839374453,15.653013601827094,0.909517765045166,w
0.6350307235859322,2.711930506235087,4.294287342801968,2.7434518263336445,0.9934320135720774,5.833972490782775,7.9364475263300776,9.008257481425629,10.0,4.045085338153468,5.157589436895197,5.496234679810103,5.888910927943187,2.2299080314741575,2.3227914516926065,2.135596301438742,2.1868781460687825,0.42577661921006554,0.5148034536740322,0.3349558156760957,0.0,21.647185983400263,21.46103109640912,18.994535558272876,15.633228545838818,13.090460964979245,13.014302351248697,8.942568662225922,6.229902360024519,3.66878614709621,11.625119566844525,6.248728587852321,2.875762268949992,0.0,11.589613307131236,6.751807065641208,3.6476256699959566,0.7009702805591511,12.670051328111718,10.965604598172568,13.041746197554202,15.158149119425357,0.9182984828948975,w
1.1559311407317634,3.455904928225701,4.652831265592444,2.5701289516402683,0.44233402097420405,5.965200838994002,8.032574570380579,9.0311402310932,10.0,4.004786406837152,4.957240344777631,5.25787178676748,5.54112997381495,2.097291196716379,1.8401211557211823,1.4350596063989525,1.2722271311227722,0.3038518817365374,0.04011014097741477,0.10295393785972547,0.0,23.066188112119757,22.552852600602,19.142064515066217,15.25181852289056,12.9895484294219,13.161581930393602,8.621020297976274,5.6329787242633325,2.962991914499747,11.94090283106371,6.358423961363767,2.8303078588581716,0.0,12.035319534971086,6.785892923447046,3.6655355289281575,0.8862572659758603,13.328615189913078,11.601261107408124,13.684846861952797,15.78840128100501,0.8612074851989746,w
1.5488672118869053,3.829683243249983,4.683815900446097,2.312676058846737,0.23510552175760052,6.15176216926764,8.04990163414671,9.062450961794507,10.0,4.065556455053173,5.277215369119089,5.904403886898416,6.441033478232603,1.9851093067723264,1.6444704497220908,1.2373417975168521,1.04503455050501,0.0,0.07046717768818425,0.40283778139358006,0.5403682952917088,25.455834221698556,24.419805334466165,20.64662122867812,16.823603173712584,14.093533502723874,14.104167167624498,8.950562364129103,5.727368506361942,2.699395911649741,12.871321077010354,6.911378110502838,3.1613137652524963,0.0,13.098151220689514,7.485453520464461,4.158251020395441,1.1300967449763948,14.615220746511776,12.401761946619715,14.502290156557114,16.817825014761556,0.8555495738983154,w
1.6985587314684436,4.016538264917174,4.95701127364371,2.3948483842904422,0.0467519888070745,6.237505269105553,8.102067283114646,9.064319859370936,10.0,4.102323787657288,5.190900366819434,5.741439833541108,6.2300451125122205,2.0165866958448055,1.5942582444685602,1.0787074323536534,0.7935568928869318,0.03954295554220217,0.0,0.2852348451555619,0.36286244719683586,25.743499044834483,24.67661234629907,20.742137597646614,16.886623198414334,14.377682311052116,14.352128718643216,9.159368245455116,5.894696813424336,2.828685459062413,13.082872492129974,7.079482327195761,3.2408487968501953,0.0,13.274723540121437,7.683810617135579,4.386005255652517,1.319380442873927,14.790787361321629,12.764950358299178,15.069200620633369,17.451650687450112,0.8543804883956909,w
2.306828593805416,4.3305303171622604,4.965915425901128,2.342800942689089,0.20867467836735293,6.671163582883866,8.343656924699516,9.162709732136294,10.0,4.623231094217221,5.3020412827997525,5.503479640201395,5.656569143261449,2.5751054462168406,1.8239892803723827,1.2590232683668146,1.0088461609314143,0.6021223560645503,0.0,0.16264015900590192,0.1677830262666289,25.7889244226548,25.010520923895402,20.9564928274395,16.713833910516076,13.901133541241935,14.27076896551909,9.214161655404107,5.688384989445095,2.488883054364158,13.132667017095855,6.9414990130094605,3.050486663152836,0.0,13.426133277436362,7.728583950712892,4.589201069745006,1.7133966192466468,15.013588222574638,13.093527212841376,15.189788882213763,17.24474307036419,0.8527968525886536,w
3.334678375921363,5.169861399857514,5.494236319589596,2.8794174460716437,0.5791001880068563,6.976865828309754,8.535982366201912,9.26048455556484,10.0,4.7772996442694176,5.302382211564076,5.423759452920051,5.507469893572455,2.6297143555769162,1.6420530416002324,0.8757311507563739,0.32904845200459953,0.6979322236872187,0.0,0.16988663693178493,0.21337292002109445,26.87257875976792,25.63851947731963,21.418996562710486,17.490810433492552,14.730547496828073,14.70897073303232,9.096017346656266,5.524687186464404,2.2287327642466557,13.52163929565756,7.083003615631506,3.113903515487058,0.0,13.840097523532636,8.077770568075326,4.798760504464813,1.9204852696805716,15.526210757985245,13.992342510842127,16.26832655577683,18.500323314962614,0.8474013805389404,w
4.173609982675262,6.14943828405531,6.354454598625883,3.0270749062279854,0.44680177037320273,7.507862673120811,8.812767941567463,9.371888791863498,10.0,5.107753314627952,5.2309079503335,5.047237757803726,4.947204632016868,2.918511046509665,1.6324841013099394,0.6375764074963608,0.0,0.9420269799167083,0.09014746520225295,0.36889686307959874,0.5566896972052348,27.894178781848613,26.575365504724644,21.975149391512566,17.70722108400883,14.905649369091183,14.80885070878094,8.887155825726538,5.101295956002012,1.6313548350388856,14.000893962282893,7.282398056234761,3.1985276142248975,0.0,14.613791417479906,8.640248650738966,5.208501995985367,2.076937653604563,16.551546762086936,14.555729194040445,17.039806394964494,19.541234371933637,0.8487093448638916,w
5.208417723036221,6.946017840725922,6.808855248429967,3.5251917221359284,0.898529309017625,8.171124799231903,9.155842758856386,9.516798135323075,10.0,5.59796571385954,5.287603180818217,4.904148664383765,4.754518421900774,3.2514894078245207,1.6289533054230079,0.5940338452138668,0.0,1.2917407605696885,0.3472122764454022,0.7050112987439533,1.0201713671859232,29.455465901847525,27.844166051479817,22.88480731282492,18.67487626087692,15.759199988689986,15.52055871464161,9.065499932283345,5.042929899842869,1.343740184414679,14.843810154875465,7.607844149660156,3.3386789536025154,0.0,15.644563172261947,9.372706111156528,5.920349233531484,2.7405267884419042,17.77030060252455,15.714500850402334,18.296781707119425,20.834437186503138,0.8462429642677307,w
5.6390054734317925,7.303303269404396,7.259846200457056,3.7754302518931646,1.247018417927651,8.449853483449385,9.382056343712083,9.648588061012648,10.0,5.945411220968567,5.480295504440447,4.90262701746245,4.594559264065014,3.7232620145688062,1.8613840749400357,0.6357520138088598,0.0,1.8547824143049014,0.6959591588012836,1.0336950774591487,1.418284644658309,28.897478326899314,27.526159206252608,22.807530045618986,18.764370706526854,15.897633339938352,15.33105967437586,9.049084707469834,5.052788087903076,1.3268934721771752,14.600095588014447,7.469245836367913,3.36578864244257,0.0,15.3244922819028,9.312356917824745,5.97359779216279,2.5604203131182754,17.418595477046075,15.477880606901241,18.19512009277399,20.64183864412574,0.8519782423973083,w
3.8844570999286123,6.089210113529855,6.305019033548834,3.4197023676176506,0.9179704614186617,7.797062822218482,8.984523377936032,9.484344855937708,10.0,5.208902409593018,5.007551554429362,4.685180520473443,4.390792361074308,2.753288510341079,1.5604532917408396,0.7247634187627782,0.23345103186981891,0.5750984299143327,0.0,0.4770010669091159,0.7672793141883709,29.789876124102666,28.162131335181964,23.225887231105858,18.549050053936657,15.616741246140558,15.771454680855243,9.52520749619255,5.418682121259405,1.6542010945267118,14.990070967508995,7.847316078529409,3.415625182771265,0.0,15.689564708259581,9.723796591760623,6.230994163776989,3.099944236948838,17.6595903263247,15.296356018682838,17.211788321684182,19.299091596459625,0.8329694271087646,w
3.0705243958840085,5.181209147489698,5.611820847980123,3.2226385848161647,0.8618390002667596,7.235619837450219,8.629228101633863,9.280277619493345,10.0,4.84933996707333,5.023897879970767,4.986932326696962,4.91840547157273,2.5005169455541894,1.6420647278972234,1.0838907926866805,0.7056435064535325,0.5237822577971963,0.0,0.26976468322681363,0.3083205346558721,27.27878676429966,25.616672638505893,20.76176860096381,16.293196522968955,13.923214249071469,14.137513831253186,8.521101638599022,4.899570501113604,1.5479461082286683,13.253761864097775,6.8468925652969315,2.9573389694867953,0.0,13.779897999933706,8.011578791183986,4.6360525721790165,1.74171387576575,15.656473500029202,13.372915841263778,15.166101315014782,17.159234226057528,0.813113272190094,w
1.980859656995688,4.187222061297725,5.331470277912438,3.072351111904894,0.6807978594873996,6.636103102407514,8.381055367865896,9.161386800622553,10.0,4.412790470801709,4.92935873172152,4.893443385677987,4.917847210444717,2.29484502970933,1.7328741732191286,1.236906957791589,1.0643373220929657,0.4515101555030925,0.1128536190752061,0.18052414192640134,0.0,25.300704724226275,24.45643894766385,20.496666986848048,16.116912105707883,13.812668001422807,14.06669815950736,8.837503320631138,5.364620307404144,2.2060453496905996,12.859804454223317,6.6573757783784515,2.912170994868593,0.0,13.04315957489918,7.540851267242893,4.48993042058326,1.613055671037643,14.687584891841228,12.762508085830625,15.034600226028045,17.231908751307614,0.8047701120376587,w
1.373615089609388,3.7030864695224635,4.874101129834351,3.03855957149355,0.804067601425718,6.366128624954933,8.242192551034224,9.134158131171532,10.0,4.145099740930672,4.778016910244572,4.913773497648904,5.005006822818181,1.989068278383152,1.7051702053538966,1.2485376958802956,0.9244823557510196,0.006535681741773446,0.08168936629177931,0.1771631832516167,0.0,25.66779188655106,24.690151258152014,20.688324994333335,16.6561079054937,14.2126528668767,14.02408219023873,8.916035220041591,5.681692332734467,2.6838700059176728,12.795708698370586,6.655621104642407,2.9944109177260922,0.0,12.96365879519832,7.295562658115198,4.08172245353714,1.0562855878044217,14.426662691126381,11.981366936790431,14.337304309860912,16.783334068605452,0.8032513856887817,w
1.5063004863127658,3.41646749736891,4.389409873716247,2.756625251441426,0.9542828321060622,6.222928032732558,8.07858759495687,9.035141428041724,10.0,4.387861619655291,5.13204945849643,5.3666065233903675,5.534530432868886,2.4550445422759846,2.4072456234848216,2.174146041119504,2.0822133182389977,0.6679037856010659,0.49544129950580895,0.3951644463321878,0.0,22.29847221235058,21.67318994285675,17.972050931392992,13.9137310782031,11.54815301340079,12.390660123123874,7.9494899239317425,5.011376413274223,2.355302042273844,11.163154978690098,5.8055485383642464,2.52742370695524,0.0,11.13259751303128,6.093047671324844,3.225095417150853,0.6193393031315322,12.378722810286641,10.423486877091063,12.319121879621534,14.21001963576638,0.809661328792572,w
0.9923216566838438,2.972905716241216,4.013708982563917,2.668408733678711,1.181099902472015,6.047093344835729,7.938931526741834,8.97648386023036,10.0,4.1758638180353,5.073288945098769,5.374785609627562,5.625686322750211,2.1614255816998953,2.229312189445022,2.0836855765534676,2.0997814003578497,0.24975353269799538,0.24627139888592897,0.2288801436481679,0.0,22.381691282805388,21.660901937958364,17.61247398106552,13.114181867983886,10.196697320504208,12.368285155873581,7.879661126432342,4.874959098605628,2.202496405795485,11.090837981767244,5.695976714708229,2.475537701113965,0.0,11.108624573028269,5.935412683156179,3.1275562268423984,0.5666312393819627,12.401796943417178,10.518179632923442,12.488608498383183,14.389027589865702,0.8134621381759644,w
1.1321842250364769,2.92614884374739,3.9907567894182105,2.5964114322968257,0.7735668793762616,6.093930372117349,7.987137398007313,8.968757210450905,10.0,4.219153724286014,5.1062380409600605,5.338517202306918,5.546454856835583,2.19058841181112,2.1139760685300764,2.016532006554206,2.1855055150139657,0.31176194024066967,0.16389947924250298,0.20669441982705736,0.0,22.911934113171956,21.84194354650345,17.626938076093413,13.270679151982694,10.871473829022774,12.529207591286857,7.778752817451823,4.703884017730194,1.966784883330138,11.373761930663683,5.721999241999271,2.452119945723317,0.0,11.432245393602608,6.154815175692474,3.347367756450854,0.7642630145479742,12.860571316890594,10.59057727413077,12.508833439714733,14.40496676697082,0.8221493363380432,w
2.211547628117782,4.115707529308978,4.566099636549916,2.509228867883426,0.38419445823808074,6.7559658380658165,8.316341317647257,9.123663383887596,10.000000000000002,4.587936121915241,4.986632403146659,5.057923062521608,5.074456921038335,2.3544486359231724,1.8614421690155838,1.4686706639922542,1.283576443778947,0.3811219975550488,0.0,0.16376502586418462,0.05213803063118871,26.195248463482514,24.32784323214441,19.38645353042004,14.96747786009718,12.400428345048248,13.600311342682549,8.121790427169666,4.603461141316729,1.4062221827449843,12.728536517104514,6.5471973989945305,2.8281263579606213,0.0,12.98789048486684,7.329930208242006,3.941417650587903,0.8514946707643021,14.551403511525844,12.297787100872045,14.338241740823682,16.563748486262753,0.8308160305023193,w
3.3497210809906064,5.22937150056542,5.641799590544533,3.2401038077121225,0.7699848800189419,7.382764215920538,8.703922018267853,9.323190786236944,10.0,5.023831733399456,5.058974969274268,4.888969954138751,4.696878456191724,2.6896517722734887,1.687942151727218,1.0885288459367355,0.6505817743636464,0.666438178666844,0.0,0.22893958988579122,0.11695664756109259,28.138701123402786,26.163761057483065,21.05700661662303,16.506524129927847,13.683216199571321,14.315550006659917,8.212931757905467,4.406520546208539,0.9408878964955577,13.51558099651012,6.708747403098198,2.898976195610586,0.0,14.083739298299472,8.114041820139965,4.73882040118184,1.6988693883461177,16.007309958783086,13.3737900027489,15.36212033549413,17.587697029469567,0.8197205066680908,w
4.253682067954561,6.153670456742847,6.277086183264449,3.4663554472641,0.7019078545916952,8.045136844979993,9.107362833297362,9.523426012662735,10.0,5.394970975339539,5.09514343664467,4.700516081303636,4.314010959456659,2.8291447253319584,1.473000114764588,0.6667373370977316,0.06462526442457238,0.7048185181084371,0.0,0.4571403674218596,0.5881471762633594,30.320402066840604,28.003486956926,22.35811582149997,17.653562766684495,14.980365373614882,15.051038799189596,8.411231388092288,4.267425744953559,0.4194297569977764,14.42002671252459,7.227682835597146,3.1475479568871445,0.0,15.167604584564547,8.955134682195299,5.370023714271662,2.089308409728893,17.3071668576041,14.760942668687662,16.935670967456492,19.344788531087392,0.8156673312187195,w
4.8392154349597245,7.009057534231841,7.1730911776542285,4.027011941371389,0.9083168339904688,8.430836308294069,9.32662738493557,9.628179951438602,10.0,5.682344552886481,5.283404783181157,5.0153804648378015,4.684685905990942,3.1273354151336243,1.6563353443261233,0.7991029854772919,0.0,1.0545959446124007,0.36393038995214666,0.8080771640430545,0.8499107287705219,30.267065280034704,27.891003055478127,22.213787564947957,17.835674611746338,15.249426145535407,14.87198183025739,8.320472958256737,4.2195758541042805,0.3745313484526768,14.211527102691491,7.1623042374256185,3.1572952789322586,0.0,15.122985459365905,8.869800242179581,5.342685898820562,2.080806147883707,17.37683304039344,14.827054918835781,17.075990789647047,19.556852597604557,0.8083974719047546,w
5.88119683350632,7.537166736065951,7.086428989441091,3.9240014165942414,1.0681728905171652,8.901936688046048,9.494076853538585,9.684668668321246,10.0,6.187277154022556,5.568996722121646,5.011706708403695,4.654077966442184,3.5911029487701236,1.4930379863235463,0.48991101015335903,0.0,1.590155330218775,0.36997914248891456,0.9474428917762554,1.4373373970033656,32.06052922338663,29.129876793083398,22.82096776399276,18.17310979689981,15.358911410515711,15.400079412273723,8.289356350317531,4.014743143264175,0.0,15.121037697723121,7.547761719794452,3.418351780339237,0.07992628428367912,16.253780217572654,9.841710683733075,6.249026798812966,2.6453836428635764,18.789054781736496,16.196173309270723,18.62791011322851,21.101361939357126,0.8203938603401184,w
5.913330290255383,7.414357652004269,6.935382897612249,3.553870758749251,0.7266372231064268,8.905783699632002,9.51645123404953,9.68036877689287,10.0,6.179439119318993,5.588461559689795,5.087317821934376,4.72376786756293,3.594448523933002,1.8324406279794931,0.6890892268112,0.0,1.5449742769098378,0.4214126684971325,0.7454511484409432,0.9821676962987851,31.447319423719172,28.81465694149998,22.85111351639792,18.32281154097686,15.671430254074307,15.403744301128027,8.425373915169525,4.089234444338625,0.0,15.018014794431943,7.715144417222193,3.4780736917299406,0.08709293792578969,16.016917853688234,9.730011187832636,6.1795589008797025,2.672101148247179,18.36408685760239,15.809893040937933,18.136891769491896,20.55505131171965,0.8147192597389221,w
3.78319420735428,5.639348140099857,5.773776917879764,3.2027221526167833,0.9026730138791643,7.740498391206771,8.992567631411685,9.47063610666227,10.0,5.326838252623908,5.427454284077865,5.33507001355351,5.269705591592304,3.011472808284236,1.6721656278942725,0.7692978240127214,0.21395906052243754,1.020929916709517,0.0,0.10687621622680359,0.20645695496089242,29.911238177807327,28.127400840588813,23.276303268877573,18.690378385498672,15.295797766221433,15.653152401760728,9.225568759902274,5.3780551089973825,1.8407074084126467,14.841711061209477,7.812878481817482,3.5208605025926443,0.0,15.410015736018869,9.453160968216084,5.779206285625854,2.454453039358988,17.24845023567438,14.789580521344142,16.86713104890219,19.184159203483233,0.8138639330863953,w
3.7328178186110432,5.732107532537575,5.994202663562024,3.1566721624415433,0.6379478560134221,7.731701531899758,9.022897532793476,9.491929339545774,10.0,5.294340785495111,5.482042965963685,5.2874002820070105,5.172105132660923,2.97804908521906,1.7608772366323537,0.8841911136180313,0.35662683143812607,0.918067867049414,0.0,0.12964387421807783,0.18237449731078337,29.955397991372056,28.10669731168656,23.141825613694262,18.610299384612276,15.745835859189174,15.83140995548831,9.378795369442301,5.454984141675299,1.947254754002966,14.944354472963647,7.703720174382434,3.4101946158036176,0.0,15.511047926783977,9.372670953041338,5.780425479206553,2.5452756299192365,17.473953489272272,14.92245882415936,17.196432269395185,19.684183974200035,0.8136952519416809,w
3.8780640407510316,5.680920900152128,5.830171594881623,2.949671779772271,0.45394062482761544,7.801303064822053,8.990717293914047,9.45704443856691,10.0,5.3834598483162575,5.506341340227528,5.365123897708804,5.202403347705793,2.997318613674609,1.7726618988720517,0.9288369214144481,0.3873978198634431,0.9737685999677412,0.0,0.060328046138973586,0.1052460912355121,29.3974578427299,27.592295880409836,22.572696213233975,18.045591537860215,15.306051178318693,15.490547504941082,9.220239684559566,5.358846215237045,1.8299140274217058,14.610132427009095,7.682973050011923,3.3734101029787427,0.0,15.127083742774005,9.09586899967972,5.51164999854227,2.3748873404544724,16.941222812003232,14.635775910437,16.786824962985165,19.096789782374376,0.8099505305290222,w
4.05464219274265,5.933824239599212,6.236703747097185,3.2193624517597454,0.7688541181114597,7.922523736934712,9.004136378715916,9.449422796695936,10.0,5.500770584258244,5.4288206911321915,5.139439006261259,4.96532055885206,3.2206380101708727,1.753939008360944,0.7937311815765271,0.2760161423754152,1.217867476305059,0.0,0.08960614115759813,0.24590141560737575,29.344016528717386,27.88617189698107,23.255934758599256,18.868542944849683,15.90012640101457,15.577182307217457,9.270678744052642,5.412201687306566,1.9246780133623929,14.656680566578899,7.598888846895196,3.379944232376297,0.0,15.177700509383488,9.249988451734549,5.825948742498876,2.615383969327807,17.03977222621162,15.159529838618239,17.68492132481701,20.153411357614086,0.8077048063278198,w
4.652175302054778,6.196816564960596,5.956008623134368,2.7971642211695675,0.5440530832169228,8.380068235846052,9.287488577760506,9.596158188826687,10.0,5.778262602975209,5.53771395911451,5.113882134742164,4.798749768054141,3.2952537312649017,1.8012521575341267,0.6403259320722481,0.0,1.2752820986811475,0.19362008843701753,0.3454199007796882,0.5945297538397981,30.938437630196027,29.296247816207853,24.169369054746227,19.46913500824502,15.75647391528112,16.304400056717327,9.645702699674752,5.599243068757506,1.8603720936746178,15.630063421875386,8.090505711995014,3.647552139678672,0.0,16.27745932632419,9.978444352249612,6.321165803653017,2.6486444733866197,18.240193941749208,16.002529085135507,18.730921358975166,21.35748502417489,0.8151955008506775,w
4.662318510059457,6.605630643908886,6.721783366633021,3.521014470100671,0.844653233916125,8.281715146158108,9.285233380700504,9.617674969174272,10.0,5.679181446615632,5.462905169217871,5.0640820542343965,4.775145809830706,3.3037814779606283,1.9018114848149859,0.8300402554512284,0.0,1.2942776919088999,0.4072478694738972,0.6029369464141136,0.7595664655537584,30.181884900083105,28.46653313222742,23.699181610264205,19.360773982226505,16.23812839741259,16.02248153760844,9.631924983493523,5.65325888302295,2.0058867329471366,15.254378071426729,7.9721465930359985,3.567708863311689,0.0,15.947316488579954,9.6362721610067,5.847171953319873,2.5307811429006626,17.956132111396006,15.669092931619444,18.071424630075544,20.601108488304686,0.8284984827041626,w
4.132709334990829,5.9264755293511,6.2353479847707085,3.0944190433804506,0.6392557912009426,7.946642846471319,9.117404607325046,9.519109844174821,10.0,5.475320693248374,5.443313881714744,5.108506285056043,4.903081264983493,3.1460560829437023,1.756289731407125,0.7345891047821732,0.18125601099561736,1.0356552770579117,0.0,0.02753842361830364,0.08158669061293927,30.061874512369965,28.793713872300977,24.018159747021794,19.409174683603887,15.892817105825253,16.032905742335505,9.552766166413146,5.32871176155766,1.4936855259323045,15.176790775011572,7.908080017869349,3.4751429243240213,0.0,15.79328752106278,9.264620811109591,5.50806085412715,1.991314538156965,17.81230543390852,15.719914763372962,18.525797611970784,21.26825099543243,0.8374780416488647,w
4.938996081419949,6.5061038770116735,6.69131550399124,3.353590172965008,0.6936026096830665,8.393720133289174,9.36480222914653,9.614577911983185,10.0,5.739440829272249,5.260789824534131,4.646819807839188,4.397065247145976,3.420553704317028,1.8036472872408735,0.6384727591940467,0.0,1.4785141332486196,0.4168972500659011,0.5146220150186889,0.6824120980878547,30.02564016992342,28.705396369694963,24.206012291397712,20.000977955241336,16.873388380455427,15.936955048699215,9.387586685276684,5.363277632832936,1.5625316832151621,15.15438808305565,7.770255713117359,3.5021548810738836,0.0,15.895289508546863,9.624019510101455,5.8797393865453635,2.300794952990558,18.08062026441544,15.814721204604291,18.687594627202618,21.59163588466296,0.834275484085083,w
5.018178130867398,6.887855050792207,6.8772562166639615,3.4974429681651977,0.6401803360131111,8.529378293548199,9.367654109714943,9.59917575353727,10.0,5.8522760881061835,5.283265310064184,4.594780057730614,4.205108839974176,3.4152059798582646,1.775655889283117,0.7059429302495094,0.0,1.4213993511863001,0.296908922126663,0.44708248379694177,0.5344268415419428,31.916100866924932,29.93545992608032,24.676699893100803,20.184743231775258,17.095651679599154,16.616133997883967,9.714030110653452,5.563705325195342,1.6725109502812838,15.981244299614925,8.12810300951799,3.6371954769382078,0.0,16.772607819103865,10.124046305206697,6.121444553710399,2.3921737629361908,19.021953019005142,16.51335449807914,19.250351419720307,22.10505707490834,0.8390780091285706,w
4.889366399943088,6.923961274397545,7.207789912311231,3.925533159889452,1.2150944920772273,8.42337843181642,9.447960577928654,9.706626752178057,10.0,5.759707693851422,5.353123120637326,4.736553835925367,4.323549101825201,3.3582140183905556,1.7836981048888296,0.7119220675025903,0.0,1.2650812850773197,0.24208661376694157,0.41537606575439195,0.5521667713638868,31.486414355514874,29.967009946199315,24.993844418247573,20.42814393017043,17.029410879977025,16.407849722565174,9.66140677493845,5.3651554331050635,1.435498790950208,15.696182353647668,8.138555152014435,3.5822214239714842,0.0,16.520224494845976,9.999317144310682,6.063468691725348,2.482252888029452,18.76855868925082,16.411705332180752,19.090963184417365,21.883601429210373,0.842593789100647,w
3.7495828047756072,5.91991132820602,6.124975896000603,3.433635422066828,1.0410829338824812,7.978526511748726,9.145389802257748,9.577649336010746,10.0,5.336761310435878,5.212352645321439,4.826876406618842,4.418375188331478,2.812445814319797,1.6843245258663249,0.7879682995685909,0.04334964858412058,0.7141587058123716,0.0,0.23547150073432987,0.3178745982390663,31.660672234865395,29.64416643455408,24.550693720281398,19.833541590415567,16.365795005673416,16.716205861518354,9.957477563124868,5.743645655636515,1.9600919497170142,15.86641094154805,8.208131325436131,3.536726543246827,0.0,16.463408196177067,9.889043188844813,5.806778806681397,2.3641003813125696,18.42081419278826,16.030430788444306,18.104039598370495,20.48933824609471,0.8361551761627197,w
2.417549130053824,4.4122126256936625,4.832244335961947,2.5886865273083823,0.7346392956982518,7.485281845871406,8.817361371886344,9.422021946843577,10.0,5.068769558142446,5.311801643927066,5.133297867901698,4.909346184336797,2.6179601118204197,2.0358524220803607,1.4358534651812909,1.0136510618767471,0.5448335210915008,0.05365502566028289,0.06825530938373597,0.0,29.481858388617685,27.952526390453542,23.114323861976885,18.38683606625777,14.682446697542455,15.88454124421079,9.684741519589435,5.708140359661201,2.1600617515750824,14.807301706513124,7.8042475069887765,3.404658488755372,0.0,15.134443192723328,8.971711102766303,5.3038219218091545,2.0794071014311344,16.724312596486836,14.673918304335128,16.800579964117325,19.056177243710103,0.8329166769981384,w
1.8438625997679108,4.195708352925435,5.271332484943851,3.1419126736393292,1.0915380132666954,7.125651852776963,8.657635171337363,9.326706395368253,9.999999999999998,4.7874083995416505,5.229466953799342,5.189200502556402,5.145144839192273,2.4482864644363613,2.1420646874375673,1.6877195319108538,1.4121292437101,0.3523501717796403,0.22461607407261966,0.23659095596842403,0.0,27.965263936234358,26.848162910212064,22.29305628902944,17.538125404703845,14.211569606227584,15.371230447452916,9.549324631639799,5.708565461371998,2.24194645673244,14.192910975173575,7.497393398552854,3.312564861413412,0.0,14.413061770432444,8.311665125949807,4.812181993105334,1.5882385446672607,15.991386019709973,13.781757170203432,16.192360001060653,18.623592986799895,0.8294827938079834,w
1.4023265821707787,3.8544806219054446,4.955322226476469,3.0522012455125878,1.0294786584068827,7.012109468317314,8.639064376572843,9.341303501245186,10.0,4.670713109952647,5.1321414078939185,5.142515225295098,5.1097963851991475,2.3324972101957937,2.1592736855195254,1.7811570406149677,1.4778885518216358,0.20982231974265078,0.33044453607437735,0.3210974647961071,0.0,27.943417289259337,26.939365937226952,22.461341576754794,17.955112377567684,14.781116952519334,15.610723729207368,9.745606262905913,6.124047703197557,2.8682071131007896,14.37394871014507,7.434282112200853,3.254797481485845,0.0,14.490936408826583,8.322892020669094,4.632778726802083,1.274891434892024,15.918939825314078,13.52082903818023,16.04432557096902,18.69958103849439,0.8292086720466614,w
1.3295839363486226,3.4033644685742352,4.649632783403417,3.2582840594426,1.697393847404024,6.6876510980448405,8.442872453160076,9.238370097551414,10.0,4.672717598082768,5.280735379492197,5.1691265434625375,5.228011127274967,2.6013835492672563,2.5096563807967387,2.1667018399507922,2.1681776158221195,0.7114779313302335,0.5732018628572373,0.34896466624558864,0.0,25.172459243426413,24.66301615542736,20.96031702519634,16.57446885211674,13.434817645923442,14.51558877449018,9.322262135346296,5.847591030587238,2.7728551869578966,13.256913427908161,6.885512086717041,3.0668087116589295,0.0,13.298058660025552,7.847308642939594,4.5494001891096,1.4076874028823065,14.65921969383471,12.702168151329737,14.946038424246884,17.14304436415089,0.8341837525367737,w
0.6744627680853439,2.9236536299361506,4.443347632734378,3.2923390218254585,1.550308504350367,6.3150240737431425,8.271657414726153,9.151973569385573,10.0,4.365493372922151,5.21537884569211,5.303710826276964,5.52309675111064,2.3192242582829237,2.4132887592760235,2.236293164694269,2.4668162870285286,0.30015855867192,0.4609116962556314,0.3310042560884578,0.0,25.15468993128745,25.02005434618852,21.485486490107565,17.175199657526914,14.341401626822964,14.840636880174783,9.858248509402564,6.47751686545405,3.42799224773736,13.496574037348742,7.134321575633926,3.218782731033364,0.0,13.409087248202592,8.027378138460172,4.823318035873639,1.7136616478845297,14.666000620438737,12.679398989295063,15.033787759543417,17.29721422248736,0.8391019105911255,w
0.8886659607209761,2.5386033739202443,3.9533227447322705,3.1830099053844627,2.0643915723336366,6.320108216180647,8.188010013186963,9.120114246109075,10.0,4.577444877426806,5.328630222877724,5.397397700248402,5.595074179513423,2.6920247360284892,2.909331787521449,2.8530781645248444,3.0460989781199492,0.9062719494215213,0.8139579521171096,0.47647127186090077,0.0,23.130824731190526,22.852052726114866,19.454763003654595,15.14178658014888,12.158444432719584,13.629824096119865,8.827501451827972,5.674742855980944,2.8717762013098618,12.288266688308969,6.469112305138217,2.887457520994756,0.0,12.123078201335453,7.038642550926163,3.8297740687485464,0.8262421784027948,13.148271207249516,11.40340273769268,13.506136942128638,15.594788459067567,0.8509125113487244,w
1.455934014196726,3.7877415458937196,4.987676671768418,3.1737835314198617,1.1538796144083543,6.874133961919518,8.533827053769942,9.305069393269466,10.0,4.482227323973824,4.69632374707909,4.527521115583017,4.454588899596269,2.213744890375325,1.892137712651714,1.5675505766239002,1.377474900641813,0.19199276936933532,0.36142918327885165,0.2934550353028614,0.0,27.465592700716133,26.224690037097922,21.88616992296985,17.69910805950784,14.706001722628471,15.19865142124722,9.66136139611637,6.230331094231241,3.134290226681531,14.046312960968452,7.2606565985803275,3.1966016665721897,0.0,14.267310132960464,8.271728501785613,4.761046315716544,1.515300924613747,15.786864485510394,13.288317067563566,15.775893357645383,18.418864435122725,0.8508511185646057,w
1.7418056641112203,3.945854980808801,5.149104444497624,3.082766128577588,1.0794851899427813,6.983436715281128,8.633445861673291,9.329393016212437,10.0,4.619510085976087,4.642088086854627,4.087897842708825,3.765954978659095,2.3266758684915105,1.6642458809800877,0.9146229922046779,0.5291563051496013,0.3054073632715773,0.039217944937502365,0.07426322870482625,0.0,27.838291786539838,27.046384579223375,22.867996266811822,18.238485990201397,15.065235475995689,15.588157632694685,9.628210312668708,5.659527883922347,2.0720735702526065,14.430978809979342,7.365206312998058,3.2176277544126783,0.0,14.6842831723014,8.455545492045479,4.948798456105227,1.6857510567023586,16.24528636319573,14.12964270663444,16.811571747666655,19.44341263045777,0.8409304022789001,w
2.869660504491423,4.8527221135084355,5.475911154492521,3.0440945129444823,0.9388988036648453,7.4179952368127715,8.83761325114231,9.418194492404707,10.0,5.015341327223384,4.69724861757324,4.072931086193867,3.61041242680298,2.714088109490219,1.659785547265269,0.7454064246707155,0.14873066171907603,0.7446454223838568,0.0,0.08614629170664705,0.09209376922350594,29.268066751247922,27.741539887606937,22.97659121570167,18.41904325459961,14.971217769184776,15.671760454386032,9.456306028272849,5.505240453299184,1.8255809825632616,14.747056269300282,7.676976495231555,3.4356369563114937,0.0,15.11225824773966,9.104945754903337,5.572221147056352,2.232793202157082,16.746591339585766,14.816452182353636,17.540015863410186,20.25777052564229,0.8282119035720825,w
4.762408460070269,6.131105986267452,5.962504832999453,3.104747554596314,1.0002254904813916,8.294692104527016,9.262988617976957,9.600388896840778,10.000000000000002,5.853715079413631,5.148299091049653,4.292744848710537,3.7260549994842824,3.581042249076509,1.8356924705778477,0.6516516534351862,0.0,1.8212701864958722,0.6580718960265173,0.8289913052533344,1.164239624913709,28.26036370288234,26.476929987680183,21.789321412231644,17.64942703838743,14.364614742880473,14.655099539496572,8.529067583991246,4.752131716532927,1.2502427635669942,14.024573513163478,7.174901226656341,3.225772987903297,0.0,14.646400635411984,9.051872907308763,5.922845036566479,2.9099596116654007,16.421353216090164,14.627248792418294,17.13928798460409,19.545978182261642,0.8223838806152344,w
5.610520835000001,6.847934562660951,6.595178753838315,3.6367982477869387,1.420436484107846,8.506088774605557,9.360416015662274,9.636439307820321,10.0,6.276869172165304,5.309952950334237,4.367745176527331,3.787845082127276,4.168534458911494,2.0610276979437288,0.6431560345962609,0.0,2.4717488993246644,0.974940322857054,1.2326252911567948,1.6421387809959214,26.949287874286963,25.668855326566934,21.309940034664116,17.5834993253972,14.896619699249946,14.209390386153474,8.32975325094164,4.455202576502694,0.851800010679524,13.584603518806853,7.011472006634413,3.1352365119440067,0.0,14.162789877276072,8.99277050184318,6.2841944776064445,3.4530352499480963,16.015702756069064,14.466670534941995,17.042949615199777,19.37880831545541,0.8149891495704651,w
2.7692028673572073,4.018462775589357,4.339749931900972,2.5967923593596294,0.7968168467821268,6.801335728913648,8.40007861380018,9.179087388342294,10.0,4.808153041450785,5.39355857292665,5.596731846492794,5.7248629904012125,2.7291990989757626,1.618627448212983,0.9518329929558084,0.7333753688991387,0.9248033243616687,0.04393445839043537,0.04695304483809367,0.0,24.94893631435358,23.351491897979894,19.063334918782207,15.113824173249574,12.687494619118254,13.219524450020959,8.135737946472046,4.953629148924459,1.9661477261981548,12.311418619191647,6.34536863097666,2.8191233361607955,0.0,12.640185201128538,7.621156286210688,4.919392627239329,2.3601429444467183,14.244894689969474,11.989306688383083,13.940650815000701,15.950563634131091,0.8296564221382141,w
2.560430654193485,3.9172359934679615,4.270216700936282,2.461199607781589,0.7252559734481495,6.8015869917575795,8.431512336488641,9.220612633736758,10.0,4.762522714837353,5.421844965160081,5.598198728048419,5.750749553281842,2.6953929846412845,1.8629272969226787,1.2735853836867703,0.9897540122239114,0.9034330038204019,0.2114990281341012,0.11652785364934169,0.0,24.77116935599355,23.28792319258807,18.898249425283,14.715305462514669,11.880370388549846,13.276942169815202,8.04881915451324,4.788661796571464,1.7576703911318525,12.239627225075894,6.265270526101233,2.7492212339017774,0.0,12.477559666186075,7.114291024333526,4.086690596795368,1.4875007479450348,13.983203203381391,11.563677022044617,13.311250265360764,15.255542526061754,0.8384430408477783,w
1.9903022226186446,3.110190011726528,3.6203840459756846,2.1616319549197636,0.6891018493985016,6.504282674907591,8.255741495206639,9.133697284185102,10.0,4.589906441370421,5.232161642448457,5.424114673375534,5.555645916571131,2.5513969084290213,1.7951163077439682,1.212860529521381,1.035483021893891,0.7433070907454871,0.06412688085725203,0.058194534441101085,0.0,24.622555333733835,22.863974899458796,18.459802319246634,14.212095375760454,11.355681069921062,13.341324161981738,8.310425066961884,5.0751555885519,2.1263666739246965,12.388846768996144,6.379656179250604,2.7776305767685323,0.0,12.586016836880583,7.2141022647676865,4.259381003724331,1.6202004090730617,14.026629099803158,11.714822383764398,13.542390830047545,15.478256079037322,0.8364434838294983,w
1.8165582674799783,3.3188726248259695,3.889949494457152,2.3925111065224733,0.8153671909825585,6.483346641368108,8.244707729856053,9.106604005171967,10.0,4.5115389966775705,5.195137146609642,5.436278736714491,5.527787796960451,2.4487575671908055,1.9960767145430973,1.505527782479655,1.2136360534601924,0.626520417124915,0.19664814767221647,0.21496272125530957,0.0,24.385658871791783,23.027767857063733,18.706698298728014,14.43216225581381,11.62464252196269,13.323188504693855,8.431720919433069,5.245630282410973,2.2972498008225872,12.258451192893244,6.401764991035909,2.7342348529897884,0.0,12.297341967456317,6.972928709995029,3.8375190869122497,1.1887351104360102,13.596136445611496,11.209534638259257,12.918910200453565,14.882974075475612,0.8336995840072632,w
1.6591935751367584,3.2757759143969802,4.154349168702919,2.766304078276897,1.2098128303347817,6.462816163604359,8.184539282727284,9.073861600712938,10.0,4.633019497436975,5.348516986079126,5.6265833899890625,5.668771519137796,2.666263763078117,2.3241136638550355,1.9382817279745002,1.6762155479550904,0.9611684899585843,0.5382729015210397,0.38462885549795733,0.0,22.78851345549774,21.696186019907874,17.877839068913488,13.96494473820416,11.149696899091364,12.59974244309442,8.029792344020379,5.064200028963352,2.363325141953963,11.516817747232396,6.084100866325515,2.6163214372447023,0.0,11.446577062432086,6.588497077706986,3.714961525853684,1.2458563899590065,12.525865193228537,10.588894185312963,12.274183757984277,14.049956898589597,0.8411908149719238,w
1.3320492375723463,3.069424411978817,4.058213462254126,2.7740386644664166,1.2810570482580206,6.199103453622299,8.126484777764492,9.063982307864482,10.0,4.4218197399285675,5.339221743124681,5.630897805921605,5.7725452052661375,2.5545686045312976,2.3185041797855144,1.947382679539239,1.6577565286499152,0.8107611798815356,0.4944693578529031,0.3870516196069786,0.0,22.582029688576508,21.593925063359766,17.874611311309643,13.799510879920062,10.822769728636395,12.761115306788069,8.212655069781928,5.293994195335585,2.618793572189271,11.4838570698502,5.9777903227677935,2.62374093956594,0.0,11.369600125920757,6.252902290166964,3.3635253910766107,0.8226335162783016,12.45319802233109,10.428342462083776,12.330458916250757,14.32999915750134,0.8377926349639893,w
1.1764504236924305,2.7723973079210715,3.751780526711238,2.538377220992309,1.2199428220814812,6.107321571982391,8.045263077920282,9.04884481454093,10.0,4.383700848769234,5.2271435415601255,5.505063098587,5.669801887922775,2.5291694896622743,2.460094200019216,2.1245237302205586,1.8925587786002895,0.7698533569489859,0.545525532048492,0.3927368518722084,0.0,21.545628206410736,20.904396325015938,17.251496318143516,13.258482130128794,10.41016018024542,12.239415187927868,8.00034840064492,5.145767105210896,2.5571634979622515,10.879822048684787,5.5974881533068315,2.4254288302687317,0.0,10.693261249228911,5.846497378672441,3.1389431330710824,0.6947066010056154,11.772571508243532,9.725257909592834,11.622633978094267,13.59032962425633,0.8394961357116699,w
1.0520290788864413,2.7824257793906457,3.869679432742572,2.7452719780935646,1.538550305803493,6.142195346840834,8.054907219888644,9.053620367326731,10.0,4.403309724581829,5.352628514911289,5.665954697804906,5.826859013171343,2.5604433078406723,2.6429193733702925,2.4219193185038588,2.2202099134745,0.7896348080427396,0.7496648534847712,0.500260494176632,0.0,21.449935349860915,20.77919238227306,17.43604621145653,13.513034662476748,10.602815408760598,12.275160508597278,8.097921533230366,5.4181413032412795,2.9523336927974935,10.977244025021035,5.721269450676937,2.5303153233858384,0.0,10.840615274459221,5.981206870572348,3.2173531363935854,0.7245072176875141,11.806720927789783,9.75974975726863,11.58943690044461,13.425164206821531,0.8526564836502075,w
0.01129609670505312,1.9999527701175512,3.2825125074242654,2.488020938807741,1.275679124935611,5.744966449794295,7.841964735927194,8.920746218551354,10.0,3.9867100547322982,5.170800583883668,5.614107395995721,5.889444019337748,2.0266546428673364,2.478199501741729,2.5301014049361004,2.6674775029459212,0.13307104325713578,0.5844120321353479,0.4929321670157374,0.0,21.59215331567366,20.27923733593562,16.099171880075513,11.73715585045728,8.681790196027796,12.111043229953124,7.695225908342768,4.985304371108631,2.5317459562386255,10.844222256351568,5.583628831566687,2.3850546983199754,0.0,10.542875219330137,5.558002373046756,2.8736189506675385,0.3288558951727662,11.537995251188221,8.952736818785397,10.68038892958738,12.447894226809446,0.8476054668426514,w
0.4090740596653157,2.255933423773287,3.45051535423756,2.638635926962768,1.549834866807496,6.0409601596655085,7.925435204784037,8.959995229230701,10.0,4.21423012504391,5.080991042633633,5.350943541368163,5.588746277467871,2.1795093694274494,2.3005394109828967,2.2240183180603434,2.4804136454587975,0.23901836481529412,0.18510373159200252,0.1451256023228565,0.0,21.322233531627255,20.042432323091177,16.107627426207014,11.782752151654007,8.96180543977089,11.544365419756243,7.229197531550328,4.333517000893989,1.9588524676645407,10.273156536103908,5.097140026136899,2.1225265528421806,0.0,10.178002272114165,5.461585162201746,2.915215278318106,0.5741684367385228,11.3272954166563,9.079839635812457,10.26345267843233,11.463304685781148,0.82232666015625,w
0.6727612847802495,2.2043358773305948,3.107810773254747,2.402480895130516,1.547545986092878,6.264121531575481,7.9705778609657605,9.05630549585901,10.0,4.318411646823393,5.132182015750406,5.321701752115296,5.5742412454682375,2.311514977392749,2.3333310813789923,2.1807996950616775,2.3224230293858708,0.4315307505550474,0.3053623418239123,0.1900655389827519,0.0,21.56724466037921,19.362344312914505,15.053312648540093,11.12489208397751,8.218391805920412,11.102295500026312,6.788545398688366,3.7570901004561272,1.3683467194240306,10.32299247752431,5.195121769097402,2.2026229104826816,0.0,10.408063015845698,5.7423964539541705,3.1871014929746138,0.8045610609122833,11.484008872226008,9.064190299149613,10.108333819281375,11.299186238520367,0.8122004270553589,w
1.2322347239425346,2.8010934229105615,3.4061085060319356,2.200849317763773,0.8675541289004789,6.588921035984346,8.111899332851275,9.101652969201552,10.0,4.411969423314971,4.9895311918132625,5.095985401566395,5.3724724788135205,2.2219397066320488,1.9281426299580635,1.688164286675543,1.974604929841908,0.26045569602516133,0.0,0.118545617526372,0.21809198052413425,23.67867409822143,20.856742312405352,15.853931590422974,11.750115966000433,9.193942152159654,11.3701347677211,6.603002378482859,3.4069375644113653,0.7470983686524854,10.868130188243933,5.530461619121823,2.4462749249055076,0.0,11.372505174073554,6.492690906504304,3.786675494386876,0.9592769832472797,12.92347100275876,10.248029551065862,11.629700101754267,13.082214274808914,0.8094037771224976,w
2.164179418606935,3.4732438763225826,3.9685530758798406,2.7080783513205477,1.4979753108592369,7.06754816779764,8.33161886534825,9.205973484409633,10.0,4.919644836531558,5.094200862151562,4.992426207387019,5.150449576801685,2.799697489273217,2.027513402716503,1.5605400293530816,1.6906104214263864,0.7489114865479741,0.0,0.08140549225743318,0.2127887953169768,24.456112091729782,21.089359327500937,16.34659166303528,12.473636546951901,9.9735172825188,11.407256168376524,6.46115366991694,2.8571508749198724,0.203948193935594,11.234168398172427,5.697540586989473,2.4331187108055983,0.0,11.948395983574782,7.091222658879267,4.303000612959052,1.6643942950309425,13.589454538602988,10.951469598393558,12.027046367205367,13.273353679778808,0.8111984133720398,w
2.0465352920593394,3.6331150952220685,4.083365528362421,2.618496089745912,1.086960173349235,7.105827101259421,8.358725412796264,9.20438983016203,10.0,4.895082994366392,5.129524194235494,5.031563945803876,5.0478098711679396,2.6734559894795615,2.1539810156926227,1.738062052857593,1.8636530230575772,0.5907071080755252,0.0,0.0771011076371736,0.2511566431010522,24.355296313333557,21.19191158330937,16.293654283874954,12.29039113469314,9.897226181530584,11.300967227045685,6.21716132330373,2.8049766465455326,0.08427845728571316,10.902552983168796,5.587432625703796,2.33628448249518,0.0,11.53332190570017,7.025982754527761,4.411662742886956,1.9468457202738016,13.202745303354078,10.472243904818205,11.488571995809147,12.738517606616478,0.8089978694915771,w
3.032663536424113,5.839092051094558,6.823864037120069,4.195460255472791,1.0285315448273769,7.811316728584042,9.001128083704078,9.429679359952,10.0,4.967269055329224,4.610494169409869,4.206814750531453,3.8157464771378904,2.303538441896323,1.2816818759313273,0.6941877574124519,0.16163582404572688,0.18179133621001373,0.0,0.4944796663693561,0.3890571862994301,29.79060587960619,27.274367634756224,21.357454771744962,16.509556346598025,14.349666663988192,15.024503567280126,8.575989628951083,4.532952365136633,0.887947405496763,14.114344921301987,7.080999713403348,2.972257265582242,0.0,14.69743518317633,8.367934745245933,4.719043767147809,1.423327360337702,16.883685507941227,14.264602813646999,16.42268899084944,18.785669453171803,0.8201460838317871,w
2.846895027406249,5.472086124670815,6.542921512784614,4.416686526267334,1.8560722007133155,7.845802123729567,9.089206895138949,9.533976863046835,10.0,5.18253207441698,4.735921652427458,4.034058696756875,3.3606648629644655,2.6655244983100213,1.6172121496568026,0.7111295776200783,0.0,0.7705904017960087,0.44598835709013485,0.6745821922553779,0.6851723109046045,28.90580714743989,27.4315476567137,22.640970095195236,18.3139166857755,15.876923816140785,15.458106824845613,9.232528502906437,5.252518665700822,1.6430063924676093,14.539029531565825,7.480883838389254,3.283387242049528,0.0,15.001395355920865,9.119136797004993,5.53432264532884,2.1921245296706724,16.768660284566806,15.009722445367151,17.57934813175678,20.16023962797945,0.8178055286407471,w
2.418198263703809,5.409094809406924,6.6471628819238555,4.457005688294798,1.9251998756334145,7.415158643359986,8.908586922121739,9.491282463006183,10.0,4.870815600431474,4.571330078375342,3.6608198822197933,3.011368244280624,2.4525617012972254,1.666968025248214,0.6252010097402659,0.0,0.4059161004870026,0.20469130788411824,0.49111106308394464,0.5421565705122375,28.85444294918281,28.04547811270069,23.59315008021131,19.025579673039132,16.409006862630346,15.734662649217968,9.784526117731845,5.647509747434404,1.9530775059321277,14.82529297938643,7.508745996656311,3.3137147113558973,0.0,15.32472795879383,9.432336724455473,5.990814590434429,2.641484644300225,17.33148937545164,15.34547569469929,17.993923327101452,20.62183720602292,0.8151341676712036,w
2.1763114869511946,5.571680839748801,7.440098198558171,5.523458019699021,3.1517774435469224,7.453515270706125,8.907521270606399,9.497762613157121,10.0,4.772914735912349,4.260113711224101,3.2866159433390103,2.8231931709123677,2.332988973530278,1.191235233916812,0.2784965059158788,0.0,0.1338500121583979,0.007661877480692091,0.3494062154784423,0.5686395927958143,30.4725629880795,30.09491677922612,26.0439934109611,21.723586347360268,18.92171595302619,16.61342159722468,10.57361278391287,6.26783094401228,2.486031022256568,15.812882805565144,8.059932664222393,3.642258417466445,0.0,16.49802774750687,10.4260821029042,6.953617304596314,3.4940994976505846,18.69835289403918,16.986841472284237,19.98662027071821,22.77309661763695,0.8241260647773743,w
2.1200595156165236,5.496421188379665,7.320789478448711,5.149970235647725,2.627074370307806,7.4523917603896574,8.888447046828738,9.465389042661075,10.0,4.815726048421769,4.349081209673884,3.355623695696417,2.8821905341725085,2.4195440873425045,1.418857620383117,0.4050678581423772,0.0684634635759148,0.21714998201487104,0.0,0.22564847351081713,0.37608878742275603,30.12245811449972,29.806473904766722,25.770091810320476,21.367860127394483,18.696742368535688,16.381880675158904,10.403641263317338,6.146350742080163,2.332438912184363,15.592349874344045,8.073418590188387,3.680117303613626,0.0,16.2521128981841,10.215753925916975,6.617563301873354,2.996878723952374,18.38880293206682,16.37822475325254,19.32472766544737,22.127877429764744,0.824921190738678,w
2.1698598377204528,5.284392437132254,7.06470632249378,4.977245543069804,2.566515142791899,7.375758293220583,8.922498567671354,9.496788500314713,9.999999999999998,4.761332107686963,4.462396440536636,3.60294103377363,3.2167114855614587,2.415946513171925,1.5010027917740238,0.4828624061008036,0.0,0.2588477155948406,0.26709128715078834,0.47886029550497855,0.5741885860927087,29.91772816396923,29.564373711739787,25.875354955512098,21.560001578418618,18.79783368513524,16.54877259623771,10.346523263453808,6.058326449314972,2.2002530213670872,15.63608437466914,8.044990537035371,3.613356009084963,0.0,16.24100684132343,10.041621087672743,6.326894808533724,2.7961966148958295,18.193691802551903,16.179340699718146,19.039172166873346,21.81748650635367,0.8302288055419922,w
2.8404876766224505,6.135398631983551,7.618826529254689,4.707026925128902,1.80180267533038,7.829438555839325,9.175958826917102,9.594361971902762,10.0,5.098957278687238,4.563250804669133,3.55720355321685,2.999788939243816,2.6079194685959184,1.5817718370087823,0.4933026543595997,0.0,0.4171223489438619,0.042040777118488505,0.4190300134709077,0.5985714614288723,31.328099808286478,30.567009309673484,26.052636207472723,21.50488123097127,19.021873200289892,17.107529592476855,10.711721223015905,6.274854320724859,2.2320757329287706,16.21889165141963,8.411966242906576,3.827735638285158,0.0,16.799015590985903,10.411081411274884,6.62245966056199,2.6555276496355367,18.982971275442857,17.133321397276323,20.259437865833007,23.079394472102322,0.8299067616462708,w
5.057105104972008,7.7869206840040714,8.555740203574974,5.602579835171988,2.5115549434872655,8.717120536422975,9.670597545755786,9.785131641442288,10.0,6.06085046003495,5.399443811470371,4.497044862223905,3.8519305188372583,3.6638040423071487,2.172186610179857,0.8998185174428454,0.0,1.7073306636908954,1.3439830658896534,1.9849657352323549,2.2878244743835143,29.680578340609753,28.03722469978242,23.236189629135907,19.291482891694525,17.452182638317858,15.634723364286442,9.329239019793894,5.15168613425959,1.399940720385816,14.908746257468282,7.773551873817524,3.3752388923704237,0.0,15.727755282160947,9.459364378492026,5.951507059537231,2.7270369802938963,18.07547517980453,15.820825554926015,18.370833407024442,21.076233967389392,0.8317060470581055,w
6.550878734296204,9.226872784750766,9.76766463385232,6.453914072836891,3.2550700693036196,9.37846643948743,10.0,9.933728380041787,9.96114461454332,6.679895061633538,5.793874850771221,4.857680917209224,4.174158264903139,4.384585018145901,2.5562814387217485,1.0996665435567874,0.0,2.4520425200680585,1.9048772177661861,2.678777004911501,3.1542997759117593,29.40743947524458,27.51646325276083,22.942159375541475,19.327404630026553,17.67537673477628,15.140416796709204,8.865305958076581,4.609216920490271,0.7947910214216488,14.71437677875671,7.726498951093231,3.353843757136884,0.0,15.799457715995576,9.593727860754777,6.171401804681319,3.024931605132039,18.32140368577201,15.798461532755084,18.167164846601025,20.881081685436065,0.8312118053436279,w
6.768956205261362,9.191066858761348,9.42982486219352,6.141558868385777,2.975350721383757,9.538755418489096,10.0,9.916368123326052,9.922464368669857,6.811705888342064,5.869257799538192,5.028719772651619,4.3555636679392675,4.461797442805497,2.5768221342872653,1.167390890344077,0.0,2.617892131908063,1.9466910882241075,2.686681159932539,3.118305459030499,29.4309295297039,27.538046405531144,22.643413433157857,18.98096901602823,17.170656359250113,15.07218901947834,8.718124618523069,4.713805125889365,1.0556000154041505,14.594293184243664,7.532954595211103,3.3249036053625436,0.0,15.624598740341414,9.608488742045365,6.083170807235519,2.821791386653148,18.004379632125673,15.566666473235552,17.87693033261887,20.39384614735336,0.8375083804130554,w
6.780866314444374,9.132454515260447,9.621343454219382,6.37912212893376,3.3488916898527967,9.506303653824077,10.0,9.861584770904106,9.848461184180948,6.913480701086705,5.934467686163362,4.93342703714905,4.208891163434537,4.700670282019877,2.7059670329028824,1.1745907123637318,0.0,2.892861901543604,1.9682604611034773,2.5275655234548524,2.913291845975753,28.70109776641962,27.183198367816633,22.785287203663135,19.274868065143544,17.501489896814853,14.95219169735989,8.657265765125898,4.55706973065308,0.8299711012762161,14.32366468222004,7.3265951113359264,3.217130428521874,0.0,15.189899242111332,9.29512492652932,6.044236134844598,3.0480436546167753,17.41668944569284,15.536987078889718,18.0866416860378,20.699265748944168,0.8410516381263733,w
6.94755124161134,9.399500331830913,9.899680981092043,6.609482420648851,3.6320648594907485,9.590179854916862,10.0,9.836594671743637,9.789425996581757,6.924116548241039,5.9390404833713,4.950102367914641,4.232304187731737,4.713826458838874,2.6074693985276443,1.1148298950184365,0.0,2.882780922413064,2.0911712478123503,2.627048191073108,3.053242077697119,29.04628977166446,27.68868059416951,23.643945174871046,20.259727001811616,18.034652884366537,15.185464012361022,8.868891684752946,4.841810182468565,1.2101788812045333,14.612806367053674,7.505333637404903,3.3416351704893414,0.0,15.60467689406266,9.684915914815546,6.336780445806503,3.2834666208851044,17.862316051647753,15.766022052021864,18.147689611258166,20.670629505021022,0.8468775153160095,w
6.477193465560599,8.947348046647202,9.438750979632132,5.983553653909374,2.6077096487591658,9.508856473104826,10.0,9.923740595905674,9.936856566890105,6.778898711400248,5.92932181769838,5.076203033155591,4.359291402334356,4.428202630078435,2.676754570411044,1.2401416955879514,0.0,2.5415940204900878,2.0820980365453297,2.8611723459140297,3.261074769315652,28.634932322447757,26.786077276076423,21.98626245211588,18.413977199202428,16.81558870964926,15.04905319271528,8.876313679830028,4.9365298149885835,1.3445795850400508,14.394583600845861,7.567817481875247,3.2741997197416515,0.0,15.283751850139106,9.33359473485455,5.750713740890232,2.56349487847573,17.536961127498593,15.167621730049053,17.319586806007646,19.780871694256,0.8583766222000122,w
3.3962455408735006,6.207453261836353,7.394081924129088,4.770324167941862,1.969976854972287,8.097661562853341,9.330438494263262,9.67382165525569,10.0,5.461007601227488,5.1545290885193085,4.472304160835616,3.9859136360548613,3.0608024131606473,1.82357296841911,0.7241069102625988,0.0,1.0049221011207254,0.5561409237399164,0.8702039458494809,1.0130377801258341,30.023015938685674,28.793068384806347,24.70812018653999,20.66372287252289,18.111061427119402,16.515732672284646,10.265093840316027,5.988577525685012,2.132531683420377,15.464562840009384,8.083142221613691,3.6088742145937895,0.0,16.01091839224484,9.732713762435134,6.072616598605711,2.7293419993689447,18.008556274668436,15.847275830026572,18.436128759744367,21.207780216831473,0.867068886756897,w
1.9337957490790267,5.0350880987876625,6.662455423754622,4.324061245849705,1.8206768671693743,7.373355917988489,8.898372692641875,9.531337708200057,10.0,4.7481488985268925,4.72827417354447,4.1613283683643205,3.7999853081235586,2.3167718477947297,1.4640583374578382,0.5009223114562155,0.040053567523842704,0.11195595349742687,0.0,0.2567673117314205,0.3638895093791354,29.671373135754006,29.30085943193838,25.44484581775177,21.05470753635436,18.16018942668914,16.514258080585584,10.563718304043457,6.290729533048904,2.5084237351333094,15.413626651149531,7.8928722340026125,3.5138278184897906,0.0,15.855989199114974,9.779737503713125,6.3317982535513755,2.9695473381468145,17.689608195925377,15.834045618062182,18.63237262882002,21.275878101972328,0.8659281730651855,w
1.4591485195976794,4.584412284135927,6.381521816704943,4.472076952620773,2.085560162654283,7.004039129765759,8.688479177504304,9.373860630015136,10.0,4.528332282056751,4.585872657884347,4.037650827937032,3.8386707793651667,2.2293533473292695,1.535238529774917,0.9598141447510907,1.0331319200160725,0.11104203442439203,0.0,0.1913089610430864,0.3001851869422785,28.301329558913498,28.390148335194553,24.93711110845255,20.61051873383121,17.771873944168345,16.091940840837,10.51095342191559,6.517425270323844,2.950959494430159,15.019626350587881,7.701062318768237,3.489711584435386,0.0,15.366745639608636,9.72377484337079,6.473510924131934,3.1621051988892908,17.213635765460676,15.276004450427116,17.94270466993697,20.447377659664436,0.8587011098861694,w
1.012100856574268,4.032189392038195,5.889276630133745,4.342063515782328,2.343391588680594,6.79111959738594,8.573349212347148,9.347528920588692,10.0,4.420908632760415,4.6468959571152,4.184979184381469,4.125653955131279,2.1754255749012237,1.757365093544395,1.0585752201411835,0.9715934049963216,0.0,0.2177257611343806,0.40325885508161874,0.39497682218029123,27.952141476609093,28.019474445036245,24.67381972843284,20.3800380490429,17.262415577918453,15.963773986883849,10.579142541441893,6.674620502350534,3.152165057681514,14.824918725131896,7.702923111375124,3.5108184310644606,0.0,15.121679971276944,9.433990805838118,6.097068455116336,2.7492480462713043,16.888917591930362,14.605696630322067,17.337138101158708,20.05006269863267,0.8631530404090881,w
0.7247931248602058,3.866920146674316,5.573050090251881,3.8666881314655157,1.7551848784698232,6.69447728499873,8.502671533016068,9.28806743745918,10.0,4.383202831562453,4.718623555527243,4.388805795332871,4.365836289661626,2.1492118300891567,1.6896385467625634,1.1886139146847512,1.3567903423058767,0.0,0.0719267499492721,0.1114242864158555,0.05464568733589757,27.606581986542707,27.73001814806681,24.153975875709857,19.820546412098494,16.96067810311692,15.868554022197344,10.465994405991202,6.589215648163996,3.156534352192167,14.633439375138265,7.490867453985177,3.3869173136465034,0.0,14.813124978248574,9.136083229146971,5.943525462956838,2.7031155775621754,16.45568682505707,14.359343934257472,16.96389782294431,19.486924823612473,0.8683169484138489,w
3.1340729167521655,5.897625765525185,6.816071863922803,4.324302500547378,1.470864289496574,7.854151410882297,9.130610514584214,9.551953002904042,9.999999999999998,5.140056696613665,5.094738004988184,4.75435423470996,4.530511531764678,2.569877500442006,1.5304292309443097,0.676554892096082,0.0,0.3351750822398157,0.15362191269324885,0.7123346746222646,0.8425186003181558,31.008761820760345,29.300254467037853,24.542113507250566,20.348542865084553,17.663712636592184,16.487658315388718,9.997801614205255,5.823956548716207,2.1256039183176556,15.39506279375126,8.02495112418262,3.494949813137207,0.0,15.982051766106833,9.335126944024127,5.375024429589873,1.9332684539624516,18.18076587679323,15.568906084559544,17.774452716182182,20.322805557324074,0.8606888055801392,w
3.7948660977461093,6.815804527299778,7.758187618505415,4.478576172719206,1.0422961565010784,8.207240942580542,9.241871729948421,9.54079956551939,10.0,5.40981355620815,5.209885296346802,4.852047028032556,4.633115915246777,2.8044187023205245,1.6323060301319932,0.6878860273654246,0.0,0.48172788200574174,0.009192769111478752,0.5835133172596991,0.6758472559170011,31.55989183829396,29.52789609958103,23.70573788341172,18.647797111353018,16.48378680809831,16.24566220108323,9.570093644597629,5.274336809397618,1.4607458772966746,15.301406739919075,7.948721120253699,3.483742892512007,0.0,15.976435826902689,9.200126958030884,5.307594638939554,1.5908562983291312,18.338649540117572,15.54972157858717,18.349956385127665,21.342348548816826,0.8466455340385437,w
4.526905578038489,7.167913767330261,7.651682992333973,4.477666710582486,1.2547991223663892,8.598281510337985,9.540396890387509,9.679690733311949,10.0,5.870315341968456,5.477321513615379,4.964037133231132,4.613988088726095,3.279361876754208,1.8703367567499622,0.7590236535572512,0.0,1.0769377234876858,0.38231669761723314,0.8834551725775343,1.0264034945199108,32.199002443612784,30.404751008938806,24.286622418762327,19.248715927802394,16.888443885591062,16.802849934987517,9.959914787791153,5.4574499929936415,1.4125632143400826,15.9270831345095,8.31798762504952,3.5802255907570077,0.0,16.612947376898756,9.815602437374565,5.873602045390957,2.3095073715729946,18.9756588420469,16.71588264513519,19.60192481642644,22.55985082276987,0.8331625461578369,w
6.294033533222194,8.176180648563474,8.000987674792288,4.409663065035903,1.3391790441342168,9.351021983115052,9.818798550735465,9.779221665024961,10.0,6.59355591605873,5.906191621924452,5.20420863220056,4.86627466565955,4.025550843199035,1.9306162073625397,0.651014583989594,0.0,1.8728789274112052,0.5524302752932596,0.8376063082003279,1.1280725953023025,34.00446213057697,31.840181782292664,25.803469105277024,20.909195859671126,17.96589605698917,17.11168991928205,9.686857924017488,5.09370257299165,0.9061639053307204,16.54385162801246,8.447010331541074,3.7523640446849336,0.0,17.551511289450655,10.50820423225156,6.493405017281899,2.555277130990309,20.23846393191455,17.53946059652376,20.60636676669545,23.721832409085355,0.8415176272392273,w
6.664440161785981,8.259976174425994,7.973882168194838,4.545037288423687,1.4831323241668775,9.522884912916416,9.955103714162647,9.848760239588504,10.0,6.745986255145145,5.935544917049916,5.247091338771268,4.911910807172203,4.172983614726851,1.906820951825404,0.6114912761892989,0.0,2.132618244189438,0.5700971179457661,0.8901669528568475,1.2453811995263857,34.01256178520863,31.853309987425657,25.763833222913497,20.974583800927526,18.68330625954906,17.014864183604683,9.820936373065802,5.084060719963069,0.8393806702838015,16.46710293768265,8.453080906511422,3.690737868465834,0.0,17.6309344222081,10.786263257623315,6.811467952816285,2.985976037286492,20.559369815016193,17.923847979896507,20.80655410925962,23.729165902097847,0.8411211967468262,w
3.3969245489838746,6.01413254552685,6.8353286509058,3.6259416332199867,0.4887826499416401,8.215498604034874,9.10425696696083,9.479706669692495,10.0,5.51462313032503,5.469556505744374,5.396262684744417,5.300837105392514,2.890815869325521,1.700669206324873,0.9968011330495685,0.5609439381180621,0.5967931235018432,0.0,0.238150552368124,0.12584678897877621,30.784565343160676,29.1444898725513,23.8645098878082,19.145163794174433,16.71498089012343,15.888877860210572,9.450708661959837,5.3291418135639965,1.5893332632856758,14.856472995659127,7.985891569240496,3.530014380583134,0.0,15.389357679487613,9.071211123280936,5.224785157877444,1.5824906980514621,17.46953626656464,15.222672962630508,17.351429887282844,19.39134973151867,0.8772217631340027,w
3.3369889632287966,5.96181989504247,6.819795855800617,3.486749562676958,0.5306486808172982,8.416462282014752,9.351138843303097,9.640890155272222,10.0,5.577658653586048,5.475228129339417,5.233012028637897,4.937593551063101,2.8951078429604515,1.647271915745433,0.758685596292222,0.1175993219238607,0.6184807307352438,0.0,0.16077708246920705,0.06234107590485294,31.813084975924692,30.456414221564987,25.517179581973274,20.75190032641431,17.468609673405346,16.764497033416887,9.952992281473733,5.561538565580422,1.610106219905863,15.675026149212819,8.283270364826604,3.6883847901751095,0.0,16.24686434870426,9.701242989305873,5.937848280463833,2.3697273268290924,18.277697877405277,16.06669176389966,18.588025914771602,21.046876972462176,0.8715851902961731,w
3.6322604446301288,5.989177261696701,6.513366886244042,3.291141348231898,0.6143776687603717,8.012973965138361,9.140761337082195,9.542109594930128,10.0,5.489157583204342,5.56171283327473,5.2739873253209435,5.016780780297634,3.063940179113205,1.781332809150196,0.7529056050833655,0.1377105220249904,0.8866588039196097,0.0,0.07975628079089374,0.1129372463691019,30.495699060060055,29.12393081993574,24.416541351432357,19.952265599962633,16.8759982509929,16.21731802476376,9.595712943128293,5.410832858670798,1.6585595603089567,15.267426386220038,8.029110328873019,3.5514834772025745,0.0,15.762762151036538,9.335178354177398,5.6724400335788605,2.2213168674089134,17.663384467138865,15.56602912676366,18.372493533128416,21.170541599684107,0.8676608204841614,w
3.2336938734712866,5.829598346256521,6.6148677695161355,3.5208080132610835,0.7761132870893725,7.924895137307766,9.12333506703959,9.545605320001485,10.0,5.375878131064654,5.552769241928093,5.403075647972713,5.257004261733034,2.920044519099959,1.7065916661801674,0.8322387101225446,0.27708672777096677,0.7278536716537257,0.0,0.29117530246982376,0.3141524387762864,31.154352044977294,29.74026692000007,24.74726366310903,20.011109872749497,16.739951137788957,16.88590089922744,10.358841813456744,5.986735378045264,2.090911664128025,15.793037931016181,8.42919136755811,3.7184682174492227,0.0,16.360596748770043,9.718016215460768,5.958544960487419,2.485573087217808,18.482719548245683,16.148752881402107,18.525646468988768,20.976983280349145,0.8695854544639587,w
2.483573169352747,4.930664642979051,5.605191856628472,3.0709978837967116,0.4450554929776577,7.345516577102381,8.849365727171598,9.403075738119815,10.0,4.881291158479559,5.529602418929829,5.6856243255390195,5.830444735450215,2.447656317310318,1.5380714710596033,0.7709819558406691,0.29295993880612814,0.2379390772107404,0.0,0.31144929669543125,0.4273651822511066,30.22893337059394,28.182897868525796,23.175402827334068,18.861790168731417,16.257646717087177,16.45149513487312,9.987050985037577,6.042390405753817,2.4721840979229115,15.320769217481667,8.196464714384618,3.7009872259488126,0.0,15.745345152872877,9.471472691609442,5.629577631511876,2.0619147098754067,17.653079791641563,15.142825441364932,17.56803319627661,20.251059770741286,0.8806775212287903,w
1.811530722780281,3.856846517610714,4.807121943467612,2.8976909003774454,1.0116505245742764,6.248559738235079,8.20910476976717,9.101406588332418,10.0,4.335823818069182,4.892410759573691,4.948736925621443,5.069666442288168,2.4382480220294043,1.8083491122890287,1.0337802080173586,0.6992047139807127,0.612938094022087,0.085610308684514,0.1057344114828487,0.0,23.448920742751135,23.174219493477615,20.114662910034216,16.577438317151262,13.99274792699753,13.351781676888631,8.665149488218796,5.509841420870599,2.597495123057531,12.28749465497766,6.507267981054925,2.9433211915747624,0.0,12.48185274340611,7.373918689696196,4.223094860799543,1.1476801978395366,13.918408181969463,12.273768754219592,14.637298902644218,17.032235377876212,0.8809518218040466,w
1.6872097733634686,3.859956472993911,4.881555902692989,2.8832443726431145,1.0322516788308498,6.297103279246992,8.187258260959407,9.102862637561646,10.0,4.352703947090602,4.952235962507154,5.024334764371147,5.098112689178821,2.408820369397033,1.9345632769803427,1.2458691656110947,0.8962727643421051,0.5099993774226064,0.1238495045168574,0.15230613181983044,0.0,23.45945894519366,23.18539470154925,20.079601443645146,16.487940776031873,13.837416834592872,13.32697681258067,8.606524911524742,5.471118334269981,2.5710526882407816,12.251990954100691,6.576088054141867,2.987381708208825,0.0,12.427107119865175,7.433118413385714,4.299691398567538,1.2225667447197341,13.851267095215784,12.132582946753944,14.45515715238775,16.827100243139004,0.8839144706726074,w
1.5197961337541483,3.7592775226315642,4.779263546954347,2.881568392001292,1.1109303429010646,6.376661290631293,8.185191826411478,9.113320176989427,10.0,4.375666337925965,5.024726069003312,5.136121820088508,5.190921451119884,2.3883700337572042,1.9589050617673223,1.2947514649780343,1.0514094715602356,0.5179042797069607,0.09428041548257893,0.09887741262599349,0.0,23.405584092307972,23.357998959715328,20.254767327808207,16.533207679839464,13.745029853618046,13.38858628402458,8.668235824274495,5.422628239934373,2.5029776385806595,12.387461715475762,6.7074368937059425,3.022142818526738,0.0,12.550670224722309,7.673790165381086,4.707672619929074,1.85986143193271,13.85877615108775,12.244760044472336,14.50644570187483,16.73924314421173,0.8850586414337158,w
1.809946287321245,4.076436065420451,5.152511952115149,3.0522987363045515,0.9434433728720809,6.515020952121216,8.299933211655512,9.148837700753234,10.0,4.437924856508579,4.9340665891574425,4.935946015313129,4.974974896363837,2.393289466967613,1.7916232209259202,1.174173721802807,0.8892434354839228,0.4529524125013788,0.016638186726789267,0.11249427515727033,0.0,25.255232497330788,24.632137580419986,20.996281484850183,17.089509589356986,14.595205874804158,14.317846838012741,9.119250571234891,5.666810761954703,2.542729726381967,13.189088119563628,7.097502058801586,3.1557117956212406,0.0,13.369623689979285,8.081304011191598,4.8549771952250795,1.8441864690597907,14.886268837543687,13.043699424606451,15.350410350301475,17.689208952565284,0.883442223072052,w
2.7242623069655596,4.82098019631307,5.339458058095187,2.562296380493983,0.16784491619291045,6.89890454664625,8.525020605306164,9.272474300931398,9.999999999999998,4.599849424796377,4.810341291937554,4.587478069157108,4.459201686073101,2.4611931397621887,1.4613245637842502,0.6307478180680053,0.08500836470156507,0.5609113808876783,0.0,0.3280043632390762,0.5102059357702827,27.88848320815363,26.192353813849166,21.694810347060365,17.64346633694331,14.799369741536923,15.122332498545635,9.421244947938492,5.850607131873094,2.5662602520591604,14.167161549734377,7.52533181200654,3.4174533600949943,0.0,14.65458603980773,8.914834637911436,5.479897171999242,2.1372276376546453,16.46952967216965,14.543686085214873,16.8469271631149,19.103847762719933,0.8776834607124329,w
3.8442657707613024,5.612186529915401,6.008179936323468,3.4204496816968954,1.290487979901001,7.580790992364227,8.837956988905136,9.413042630817724,10.0,5.227897783413871,4.974430737849032,4.536423867402612,4.190638181416063,2.99517573099927,1.6202451435108651,0.588077118294831,0.04144861723912432,1.0885313824108298,0.0,0.07310688810782687,0.24298953521859573,27.821194961248327,26.859952998381836,22.540597369245923,18.50630639517955,15.594469433832572,14.99193303303638,8.975785574608308,5.035593303940085,1.4323918159267706,14.18763892446805,7.55444804921009,3.3018835651857077,0.0,14.694139436012405,8.991633107341578,5.59021717166092,2.4564371850581317,16.432415682692934,14.883597803621067,17.283114740273895,19.582263969616015,0.8651933670043945,w
3.1000434555243754,6.01703849373823,7.061927804906791,3.898844377665333,0.9792150017308555,7.779201744113249,9.087956927473465,9.495230940333355,10.0,5.162855101604908,5.3385455411440335,5.099076140462003,5.064716814832819,2.754257782098779,1.5283062411462436,0.5318563365274371,0.0,0.5004652441733998,0.09088587891866942,0.47165938725255513,0.5979750216663843,31.481759727776915,30.25425655454159,25.39563431562459,20.617515276949174,17.7488025179653,16.831286995504684,9.874902102314435,5.490188135414288,1.5201577165472253,15.983580195083386,8.448529754758624,3.905308693805501,0.0,16.63189733693744,9.87909052743222,5.889181047499097,1.8473557190661725,18.782474411570465,16.200877457876373,19.21372998161119,22.236078887734983,0.7842536568641663,w
3.5263223076966876,6.119769275883863,6.353292981287355,3.2827627865308435,0.5197129044931984,7.6446557264412185,8.870671787542491,9.437152067994905,10.0,5.050976249992882,5.040375771310568,4.80144269003517,4.664231973017653,2.6191462486452832,1.4048884624655744,0.5680247996158394,0.0393579545346703,0.5479246976918097,0.0,0.41338545314436576,0.6799300766992558,30.77659182747697,28.93636011638699,24.020893477051906,19.9523168261958,17.13435466145848,16.082164623441006,9.406710093515771,5.242207177197867,1.4740122194953906,15.383059732795811,8.176338061317646,3.6769924059954864,0.0,16.143855233713506,9.90471431852303,6.026718520753971,2.5097795821684192,18.23374387649161,15.844730983196767,18.03681886942146,20.427345438947125,0.7852785587310791,w
4.57023955975021,6.979707236234621,7.076011877833028,3.685125544864811,0.6937114710592631,8.268905502047549,9.19530026313758,9.565593368893873,10.0,5.658041818649058,5.284981029275399,4.856925658014948,4.5525268731575235,3.230048005753264,1.589478502939656,0.5798382676108221,0.0,1.2147566148371292,0.36659227550006396,0.8766888244208871,1.231372487710312,31.495853604437674,29.769967139558673,24.633097489884396,20.289104462590593,17.494032258537313,16.39499071250387,9.486823090054024,5.15883035198682,1.2494686926859868,15.75668909801362,8.280586934579091,3.663548360935257,0.0,16.60736707057422,10.358025403085149,6.685739174277592,3.229552118926852,18.88579359968889,16.48396209177277,18.939364033694897,21.50964560947178,0.7797600626945496,w
7.151516196252224,9.011741186740007,8.283049116019574,4.642624177845865,1.50587583976704,9.596791903160504,9.881114144861018,9.890352800214453,10.0,6.854160405341632,5.9014271948739205,5.246204668943603,4.788294139000042,4.355626273656567,2.2920059649036024,0.9383605808710868,0.0,2.5031384696559638,1.4988681522964105,2.076301599876285,2.6118538093963974,32.35528001145214,29.4179422281748,23.86330187743567,20.06365628404693,17.741296164858785,16.131536667193807,9.215136505005187,4.967768385061559,0.9875368090963531,16.013842493667475,8.59374074854094,3.9113813588518087,0.0,17.35822423950352,11.27341298363349,7.592271007885335,4.082681218673076,19.92846912382921,17.315418636251554,19.542783993092744,22.03055551599939,0.7801231741905212,w
6.832905042429646,8.932804626405881,8.531979237697257,4.881370070026897,1.815209609236546,9.551195525069568,9.969910774352156,9.914975508503847,10.0,6.785945111498385,5.888473404494602,5.176973393438927,4.79976140075143,4.366841515760944,2.1915422310249677,0.8563369728952982,0.0,2.436596976946504,1.4111361395770023,1.9818071885267006,2.5683806181570774,32.67699054879606,29.871858377570856,24.297566912882047,20.342847906195015,17.778744690416968,16.456043781488024,9.309559142903108,4.946949281902166,0.8875597228812562,16.144106016548946,8.50970777183426,3.9845871188429105,0.0,17.38790753186258,11.02323445324352,7.274359399903066,3.5400473386195555,20.017724660838592,17.215022196490597,19.722362783193645,22.433412434355343,0.7865885496139526,w
5.387218835558884,7.6196684544933175,7.46833999403639,4.21817564310388,1.240390463149343,8.916690593951834,9.573149792843719,9.728650769905931,10.0,6.186912666790762,5.652760203888102,5.218632585169202,4.986250289199863,3.6413384106906856,1.8362439211507402,0.6985787569417387,0.0,1.6081697925372491,0.7110787224010383,1.1367834343303411,1.5000410720328092,32.85844015201927,30.37306719660893,24.885396468207105,20.885563268389276,18.39001148258483,16.97182307826219,9.900816692879918,5.541001569780629,1.4439369264202695,16.471955086538898,8.715686326228498,4.028174158481776,0.0,17.481397634803564,11.02647676566408,6.904673444682502,2.927981258090374,19.933089011259263,17.307583806415323,19.94295634733726,22.84217964630825,0.7886831760406494,w
3.4270068636080175,5.92233230918283,6.41715401734303,3.347119657200993,0.3801880124364198,7.968160030987033,9.113293367853627,9.498342916892241,10.0,5.237658061854199,5.185095019141526,4.9771237831918125,4.758998548225799,2.6762102700022634,1.4523512451527036,0.593793479547617,0.0,0.5607434510421222,0.0050076551246242395,0.31579184599206794,0.44125564847152593,31.96331781174882,30.168744604140155,24.942595233366138,20.470110341773697,17.672431001100097,16.922129724519532,9.96561509211163,5.718841215725919,1.7990954520486062,16.129771079330467,8.450489843772056,3.81680650291816,0.0,16.845593337787882,10.410087824661735,6.387608356790722,2.5888982613877096,18.93719825905972,16.22622416364482,18.841299929813577,21.696445951749187,0.7854533195495605,w
2.973695372686447,5.501633182387504,5.987570418580492,3.0944268610324657,0.43801252411036207,7.684350319388447,8.929515760873935,9.427047410406418,10.0,5.0107819029699385,5.142795956597572,5.050250172795496,4.942092495595755,2.4770651589462753,1.5372574376370884,0.7791304457989804,0.25879247072100003,0.3103984516743926,0.0,0.32338399970959153,0.5028501207071252,31.42555979771781,29.753225861072178,24.800221119763542,20.28976775359521,17.039701912237675,16.732005331627263,9.88476239736118,5.698767444914355,1.8779709313756423,15.865267508380311,8.39919133900491,3.8349929091111528,0.0,16.49976623577224,10.104488589893736,6.17171426044624,2.418759317374347,18.44168307320414,15.866778022410669,18.476420023276535,21.293918499971863,0.7932645678520203,w
2.37024555803622,4.839686613335208,5.519817601045979,2.8249622853222287,0.3947777827606821,7.25839142911698,8.726889790845933,9.346108626593946,10.0,4.8686955922718544,5.3448182598681155,5.284019379079785,5.27388738811004,2.5144166465167266,1.9413176720138368,1.2559738986227613,0.8253654382369273,0.35751387803052403,0.0,0.18941945517952094,0.11403633276944324,29.86440053427008,28.682584580048278,24.167285805364987,19.607219488559842,16.5235250359347,16.20786832434022,9.899879840088841,5.837818332454134,2.1911245331031544,15.195339607785845,8.204852999443817,3.7239239354012184,0.0,15.597244227909002,9.359026163791969,5.564155175036328,1.947764882329743,17.462242556581263,15.112586924068093,17.670458091745953,20.358410800799465,0.7957988381385803,w
1.6020713440169594,4.198885912347201,5.096929055170946,2.9161899866777046,0.9303712991213892,6.937195760369319,8.49719867952237,9.219247841321865,9.999999999999998,4.829717814507897,5.564694056658753,5.641472382323733,5.76105310328344,2.636904827873478,2.580393286868056,2.238099589541151,2.2409016418981267,0.559534307262606,0.32243676510165065,0.22989375830290978,0.0,26.63918076353417,25.8310772281178,21.497414688483918,16.754798880600994,13.769140997392627,14.867650075519494,9.325261610272573,5.602484123968651,2.224170880026364,13.822166701622617,7.360232478337939,3.350920045527077,0.0,13.994848405830858,8.384566630191193,4.847132360798116,1.382902754772951,15.505618846855082,13.422489481325467,15.72521610828803,18.12459681289546,0.8004866242408752,w
1.4058115962274076,3.679632123765108,4.591289965292132,2.4734166195116245,0.6399981671877545,6.5123711785408505,8.297317423820195,9.162104741570433,10.0,4.530302326840299,5.449354268212204,5.716399472782638,5.950263476897544,2.497628393667796,2.31708219534413,1.90742432908225,1.8196419487741144,0.4762453138092874,0.23350514596504562,0.21709701598297432,0.0,25.596269172807638,25.085976938599373,21.209084342005198,16.79362067801483,13.863659448887148,14.538803412842379,9.380710178251128,5.807131788729462,2.5921074319928326,13.348651372551327,7.259084027750887,3.346074487192718,0.0,13.480593579764133,8.307485071399594,5.093405505046215,1.8507429884287512,14.943895468067605,13.225950269559242,15.567019192423189,17.838566951678434,0.8029713034629822,w
1.3077029186256361,3.588445813647841,4.662321489468501,2.748859103606037,0.9249249939650316,6.321520122308691,8.136459255342384,9.106456841355051,10.0,4.390489273083275,5.305976726096736,5.576697741963913,5.796960674996837,2.4386808900332975,2.234781342560129,1.7920943830729672,1.8380770100276267,0.5284141635917066,0.2796661800374743,0.17242383486793955,0.0,24.265163097413968,24.33062813483077,21.081424175891545,16.798455048107318,13.881431072998211,13.94209112610593,9.092601320412752,5.704290383517447,2.622871955214787,12.802807888757332,7.041152736427069,3.2712402147299207,0.0,12.950605221109742,8.412772675196088,5.58701274815215,2.7256829093528596,14.231248491257917,12.962556374267661,15.188624372075912,17.238816149958424,0.8131176829338074,w
